<?xml version="1.0" encoding="iso-8859-1" ?>
<newsitem itemid="741309" id="root" date="1997-07-20" xml:lang="en">
<title>UK: GOLF-BRITISH OPEN FOURTH ROUND LEADERBOARD.</title>
<headline>GOLF-BRITISH OPEN FOURTH ROUND LEADERBOARD.</headline>
<text>
<p>TROON, Scotland - Fourth round leaderboard at the British</p>
<p>Open (par-71) on Sunday (British unless stated, GMT tee-offs):</p>
<p>11 under - Jesper Parnevik (Sweden) (after 54 holes) (tee-off</p>
<p>1330)</p>
<p>9 under - Darren Clarke (54) (1330)</p>
<p>6 under - Fred Couples (U.S.) (54) (1320)</p>
<p>		 Justin Leonard (U.S.) (54) (1320)</p>
<p>4 under - Eduardo Romero (Argentina) (54) (1310)</p>
<p>		Stephen Ames (Trinidad) (54) (1310)</p>
<p>		Jim Furyk (U.S.) (54) (1300)</p>
<p>3 under - Tiger Woods (U.S.) (54) (1300)</p>
<p>		Robert Allenby (Australia) (54) (1250)</p>
<p>		Lee Westwood (54) (1250)</p>
<p>2 under - Peter Lonard (Australia) (54) (1240)</p>
<p>		Tom Watson (U.S.) (54) (1240)</p>
<p>1 under - Stuart Appleby (Australia) (54) (1230)</p>
<p>		Jonathan Lomas (54) (1230)</p>
<p>		Greg Norman (Australia) (54) (1220)</p>
<p>		Curtis Strange (U.S.) (54) (1220)</p>
<p>Others (playing now):</p>
<p>4 over - Mark O'Meara (U.S.) (62)</p>
<p>	     Tom Lehman (U.S.) (57)</p>
<p>5 over - Jack Nicklaus (U.S.)</p>
<p>6 over - Nick Faldo (60)</p>
<p>7 over - Peter Mitchell (64)</p>
</text>
<copyright>(c) Reuters Limited 1997</copyright>
</newsitem>
