<?xml version="1.0" encoding="iso-8859-1" ?>
<newsitem itemid="780723" id="root" date="1997-08-06" xml:lang="en">
<title>CANADA: Toronto stocks open mixed and directionless.</title>
<headline>Toronto stocks open mixed and directionless.</headline>
<text>
<p>CHANGE				  CHANGE</p>
<p>TSE	   6893.45   -9.63   HI 6893.45	LO 6893.45</p>
<p>DJI	   8159.66  -27.88 GOLD (LONDON)   US$318.85 -2.25</p>
<p>FTSE	  5003.50  +42.90 GOLD (COMEX)    US$321.10 -1.40</p>
<p>NIKKEI     19702.07 +187.62 LME CASH NICKEL US$7095     -61</p>
<p>CANDLR	 1.3829	   LME CASH ALUM   US$1712   -10.5</p>
<p>CAN 30-YR    119.65   -0.41 BRENT CRUDE     US$19.28  -0.24</p>
<p>--------------------MARKET COMMENT-------------------------</p>
<p>* Toronto stocks opened mixed on Wednesday with no strong pull either way. * Winners edged out losers 225 to 188, 210 traded flat. * Turnover of 7.5 million shares worth C$131 million.  </p>
<p>Most of Toronto's 14 sub-indexes traded firmer, led by transportation and key banks.</p>
<p>--- HOT STOCKS ---</p>
<p>* Shares in Newbridge Networks Corp lost 4.80 to 64.85, topping Toronto's most actives.</p>
<p>It had released preliminary estimates of its first quarter 1998 results, saying revenues from its enterprise networking division could deviate by five percent from fourth quarter figures.</p>
<p>* Royal Bank of Canada rose 1.10 to 67.10 in moderate dealings.</p>
<p>((Lydia Zajc, Reuters Toronto Bureau (416) 941-8109))</p>
</text>
<copyright>(c) Reuters Limited 1997</copyright>
</newsitem>
