<?xml version="1.0" encoding="iso-8859-1" ?>
<newsitem itemid="780718" id="root" date="1997-08-06" xml:lang="en">
<title>EU: Official Journal contents - OJ C 237 of August 4, 1997.</title>
<headline>Official Journal contents - OJ C 237 of August 4, 1997.</headline>
<text>
<p>*</p>
<p>Common position (EC) No 28/97 of 17 June 1997 adopted by the Council, acting in accordance with the procedure referred to in Article 189b of the Treaty establishing the European Community, with a view to adopting a European Parliament and Council Directive on the legal protection of designs</p>
<p>Common position (EC) No 29/97 of 17 June 1997 adopted by the Council, acting in accordance with the procedure referred to in Article 189b of the Treaty establishing the European Community, with a view to adopting a European Parliament and Council Directive amending Directives 76/116/EEC, 80/876/EEC, 89/284/EEC and 89/530/EEC on the approximation of the laws of the Member States relating to fertilizers END OF DOCUMENT.</p>
</text>
<copyright>(c) Reuters Limited 1997</copyright>
</newsitem>
