<?xml version="1.0" encoding="iso-8859-1" ?>
<newsitem itemid="783802" id="root" date="1997-08-06" xml:lang="en">
<title>UK: Britain's Channel 5 to broadcast Fashion Awards.</title>
<headline>Britain's Channel 5 to broadcast Fashion Awards.</headline>
<dateline>LONDON 1997-08-06</dateline>
<text>
<p>Channel 5, Britain's newest terrestrial television channel, on Wednesday said it struck a three-year deal with the British Fashion Council for exclusive rights to broadcast the Lloyds Bank British Fashion Awards.</p>
<p>&quot;Fashion is now a defining part of British popular culture and this was an unmissable opportunity for 5 to give the British Fashion Awards its rightful place and profile on television,&quot; Adam Perry, Channel 5's controller of events, said in a statement.</p>
<p>Initial, the independent production company that  will produce coverage of the awards, said it aims to bring in top celebrities and world-class performers for the event.</p>
<p>The British Fashion Awards will be held on October 22 at London's Royal Albert Hall.</p>
<p>-- London Advertising Newsdesk +44 171 542 2815</p>
</text>
<copyright>(c) Reuters Limited 1997</copyright>
</newsitem>
